username;date;retweets;favorites;text;geo;mentions;hashtags;id;permalink
_jonasschnelli_;2018-03-04 23:28;122;374;"Blockchain are not magical databases! They extremely inefficient datastorages. Example for the Bitcoin Blockchain: Write operation of around 80 bytes take approx 20mins and will cost you around 1USD.";;;;"970561629275357184";https://twitter.com/_jonasschnelli_/status/970561629275357184
_jonasschnelli_;2018-03-03 04:43;10;48;"Did we ever saw bigger bounties for a binary exchange website attack or an inside job (or other simple attack vectors)? https:// twitter.com/lowstrife/stat us/969464954670628864 …";;;;"969916172996026368";https://twitter.com/_jonasschnelli_/status/969916172996026368
_jonasschnelli_;2018-03-02 18:05;1;10;"Go travel the world and you will quickly find out that 200KBps is still considered „fast“ in some countries.";;;;"969755680696516610";https://twitter.com/_jonasschnelli_/status/969755680696516610
_jonasschnelli_;2018-02-26 20:08;0;2;"Those (pruned) peer can serve blocks. But only the most recent 288.";;;;"968337057318948864";https://twitter.com/_jonasschnelli_/status/968337057318948864
_jonasschnelli_;2018-02-26 03:30;24;91;"Hey SPV wallets: make sure you make use of Bitcoin Cores 0.16 BIP159 implementation and connect to pruned peers once clients are synced around the tip. Especially if non connectable traditional „NODE_NETWORK" peers have been found. @breadapp @bitcoin_wallet pic.twitter.com/5GlVU0HGlN";;@breadapp @bitcoin_wallet;;"968085924021026817";https://twitter.com/_jonasschnelli_/status/968085924021026817
_jonasschnelli_;2018-02-25 17:41;0;3;"I like those properties when developing: - compiles fast (cpu/ram, eventually distributed compiling) - different git working copies to work simultaneous - IDE with debugger integration (I use Qt Creator) - Great VM setup to test crossplat. - own CI (run tests locally)";;;;"967937563938836481";https://twitter.com/_jonasschnelli_/status/967937563938836481
_jonasschnelli_;2018-02-25 17:37;0;2;"Power9 machines are promising. Though if you are looking for a "secure" desktop machine your search may take decades. The security of development is mainly secured on layers outside of your local machine. Using a hardware wallet to sign git commits may be something.";;;;"967936510640062464";https://twitter.com/_jonasschnelli_/status/967936510640062464
_jonasschnelli_;2018-02-20 01:58;10;79;"If your personal mood correlates with the Bitcoin exchange rate, consider taking some „cleansing offline days“";;;;"965888331564204032";https://twitter.com/_jonasschnelli_/status/965888331564204032
_jonasschnelli_;2018-02-20 01:54;20;38;"Bitcoin fee estimations since January 1st 2018. Source: http:// statoshi.info pic.twitter.com/tUhHIkYxVb";;;;"965887489951985664";https://twitter.com/_jonasschnelli_/status/965887489951985664
_jonasschnelli_;2018-02-15 18:28;21;247;"Worst tweet I have read since months. Anatomy of war, killing and destroying can be easily researched. Hard to understand why people still think such BS. Care-taking and love is the only way that can prevent such disasters (needs to start at parenting level / childhood). https:// twitter.com/CobraBitcoin/s tatus/964225086835347456 …";;;;"964325637522563073";https://twitter.com/_jonasschnelli_/status/964325637522563073
_jonasschnelli_;2018-02-10 13:47;0;7;"Can you elaborate how it will work (without utxo set)? Is there a specification?";;;;"962443012050579457";https://twitter.com/_jonasschnelli_/status/962443012050579457
_jonasschnelli_;2018-02-06 18:58;0;0;"Works perfectly with USB-C adapter.";;;;"961071730482556928";https://twitter.com/_jonasschnelli_/status/961071730482556928
_jonasschnelli_;2018-02-06 16:35;61;341;"The current Bitcoin price correction hopefully re-focuses on what Bitcoin is really about... there is no such thing like "get rich quick".";;;;"961035532393312256";https://twitter.com/_jonasschnelli_/status/961035532393312256
_jonasschnelli_;2018-01-25 16:19;19;177;"Doing your first #lightning transaction feels like typing in a C64 game (BASIC code you found in the magazines)... except it's much more exciting.";;;#lightning;"956682853525286917";https://twitter.com/_jonasschnelli_/status/956682853525286917
_jonasschnelli_;2018-01-16 22:39;60;252;"Will give an interesting talk about „Bitcoin Core: what is it and who is behind it“ on Feb. the 10th in Melbourne. https://www. meetup.com/BlockchainMelb ourne/events/246801496/?eventId=246801496 …";;;;"953517046976864256";https://twitter.com/_jonasschnelli_/status/953517046976864256
_jonasschnelli_;2018-01-10 13:39;0;26;"Source: git repository and GitHub";;;;"951206906395152384";https://twitter.com/_jonasschnelli_/status/951206906395152384
_jonasschnelli_;2018-01-10 12:47;586;1449;"Bitcoin Core Git Stats 2017: - Total pull requests created: 1'843 (~5 per day) - Merged pull requests: 1'195 (~3.27 per day) - GitHub comments/reviews: 21'153 (~57.95 per day) - Commits: 3'277 (~8.98 per day) - Git contributors (merged code): 161 - GitHub contributors: 713";;;;"951193828446191616";https://twitter.com/_jonasschnelli_/status/951193828446191616
_jonasschnelli_;2018-01-07 14:29;175;629;"Visas immediate cancellation of all Bitcoin credit cards while they still allow every John Doe association to issue credit cards is a clear sign Bitcoin is on the right path for mass adoption / electronic cash. First they ignore you, then they laugh at you, then they fight you..";;;;"950132357394194433";https://twitter.com/_jonasschnelli_/status/950132357394194433
_jonasschnelli_;2018-01-05 00:17;4;11;"@Bitpay immediately closes all non US (EUR) Bitpay Cards accounts. Fund are blocked/unavailable for now. http:// mailchi.mp/bitpay/wave-cr est-card-closure …";;@Bitpay;;"949193083496747008";https://twitter.com/_jonasschnelli_/status/949193083496747008
_jonasschnelli_;2018-01-04 23:50;56;337;"Disabling <100USD payments, then back down to <5USD. Enforce BIP70 payment protocol... instead of deploying SegWit?! As a biz, you certainly failed in delivering customer needs, @BitPay .";;@BitPay;;"949186239688712193";https://twitter.com/_jonasschnelli_/status/949186239688712193
_jonasschnelli_;2018-01-04 00:57;173;396;"The current privileged memory side channel attacks just confirms what many Bitcoin users already "know" (feel): * Don't trust your PC. * Don't think applications (and private keys) are shielded * Use a hardware wallet Background: https:// blog.mozilla.org/security/2018/ 01/03/mitigations-landing-new-class-timing-attack/ … https:// googleprojectzero.blogspot.ca/2018/01/readin g-privileged-memory-with-side.html …";;;;"948840693790732288";https://twitter.com/_jonasschnelli_/status/948840693790732288
_jonasschnelli_;2018-01-03 12:29;0;0;"Ideally you split funds and store them on different hardware wallets (different brands, different firmware, Keepkey uses Trezors firmware). May consider multisig among different hardware wallets. But it's a footgun if you are not an expert!";;;;"948652578383921152";https://twitter.com/_jonasschnelli_/status/948652578383921152
_jonasschnelli_;2018-01-03 12:27;0;1;"Use a hardware wallet... or an very old airgapped pc (before Intel ME) for offline signing... though the later is much more complex to do right.";;;;"948651952765743104";https://twitter.com/_jonasschnelli_/status/948651952765743104
_jonasschnelli_;2018-01-03 12:16;10;29;"It's time to recycle that tweet. It appears that not only the Intel ME is evil. https:// twitter.com/_jonasschnelli _/status/803878988556935168 …";;;;"948649177512165376";https://twitter.com/_jonasschnelli_/status/948649177512165376
_jonasschnelli_;2017-12-30 23:57;31;104;"What strategy would you follow (if you where Mastercard/Visa) in times you see Bitcoin&Lightning become a real threat to your revenue model? Maybe steer the community to a scaling approach that will fail (or fail to compete)? MasterCard may be one of the most profitable com. https:// twitter.com/stratelogical/ status/947146274960179200 …";;;;"947376222761230338";https://twitter.com/_jonasschnelli_/status/947376222761230338
_jonasschnelli_;2017-12-29 11:50;128;319;"Great post by Sam Wouters! « Why Schnorr signatures will help solve 2 of Bitcoin’s biggest problems today » https:// medium.com/@SDWouters/why -schnorr-signatures-will-help-solve-2-of-bitcoins-biggest-problems-today-9b7718e7861c …";;@SDWouters;;"946830725612912640";https://twitter.com/_jonasschnelli_/status/946830725612912640
_jonasschnelli_;2017-12-24 16:55;7;93;"This list may look impressive. But they all share the two or three developers. Compared to the 50+ devs of Bitcoin (Core) & the 1000+ academia people.";;;;"945095554706554881";https://twitter.com/_jonasschnelli_/status/945095554706554881
_jonasschnelli_;2017-12-24 10:44;2;63;"The internet started in the 60ies.";;;;"945002254259568641";https://twitter.com/_jonasschnelli_/status/945002254259568641
_jonasschnelli_;2017-12-24 10:40;549;2011;"The devs and minds behind #Bitcoin are in for the long term. They don't care if you "leave Bitcoin for XYZ reason". They even don't care (too much) if BTC drops to 10USD. They will continue to build the best decentralized peer to peer electronic cash system.";;;#Bitcoin;"945001152537493504";https://twitter.com/_jonasschnelli_/status/945001152537493504
_jonasschnelli_;2017-12-23 16:06;5;58;"Increasing the blocksize (Bitcoin Cash) is not a solution, it is a Problem.";;;;"944720930294587392";https://twitter.com/_jonasschnelli_/status/944720930294587392
_jonasschnelli_;2017-12-23 16:01;2;40;"Do you know you can create 100000 unconfirmed transactions with just a fee thousand dollars? You can make them ~stay unconfirmed and there is a high chance you'll get your money back.";;;;"944719703183802369";https://twitter.com/_jonasschnelli_/status/944719703183802369
_jonasschnelli_;2017-12-23 14:24;1626;4843;"#Bitcoin fees to high? Unusable? Hate it? Me too! Could not download a CD in the early 90ies? Hated it too! You have invested in early tech! Some people think and work day and night so solve this issue in a way Bitcoin can survive centuries! Have faith. Give us time.";;;#Bitcoin;"944695304216965122";https://twitter.com/_jonasschnelli_/status/944695304216965122
_jonasschnelli_;2017-12-22 11:15;6;56;"Also, not to forget that the SegWit wallet works are delayed because resources had to be pointed towards SW2X protection…";;;;"944285323290222593";https://twitter.com/_jonasschnelli_/status/944285323290222593
_jonasschnelli_;2017-12-21 12:30;74;416;"Larger Bitcoin companies are finally realising that they must also invest in the underlaying Bitcoin protocol / network. @blockchain (.info) hired its first purely open source developer, Sjors Provoost (works on Bitcoin Core). https:// blog.blockchain.com/2017/12/21/fir st-open-source-developer/ … Nice!";;@blockchain;;"943941825152221185";https://twitter.com/_jonasschnelli_/status/943941825152221185
_jonasschnelli_;2017-12-20 19:30;0;4;"Only a fool would think the „market share“ or the „exchange rate“ does proof technological robustness. Have some long term vision please…";;;;"943685015094693888";https://twitter.com/_jonasschnelli_/status/943685015094693888
_jonasschnelli_;2017-12-20 18:52;145;613;"The CNBC interview revealed again that @rogerkver has no clue how Bitcoin works and he must have no long term interests. EVERYONE wants cheep and fast transactions! But he fails to see the long term implications of scaling. BCH will fail long term at a very high chance.";;@rogerkver;;"943675516560666625";https://twitter.com/_jonasschnelli_/status/943675516560666625
_jonasschnelli_;2017-12-15 09:54;6;37;"It’s a good start! Though encrypting data alone will maybe be not enough. Mostly you still leak the port, package sizes, and burst/stream schematics. https:// twitter.com/muneeb/status/ 941685361608142848 …";;;;"941728203256635392";https://twitter.com/_jonasschnelli_/status/941728203256635392
_jonasschnelli_;2017-12-14 23:37;1;9;"If you collaborate with exchanges and trade back and forth within a group of „pumpers“, … should be possible? But I may be wrong.";;;;"941572816138149888";https://twitter.com/_jonasschnelli_/status/941572816138149888
_jonasschnelli_;2017-12-13 10:49;0;1;"Best way to do so is using github or IRC freenode #bitcoin -dev";;;#bitcoin;"941017174470098944";https://twitter.com/_jonasschnelli_/status/941017174470098944
_jonasschnelli_;2017-12-11 11:18;56;202;"Really? So BCash's scaling strategy is to have a credit card? It looks like BCash is willing to throw away the main benefits of Bitcoin (censorship resistance, no trusted third party). https:// twitter.com/rogerkver/stat us/940253050731679744 …";;;;"940299725533614080";https://twitter.com/_jonasschnelli_/status/940299725533614080
_jonasschnelli_;2017-12-08 11:34;328;536;"According to an article by Bloomberg/ @eiaine the power consumption of Gold mining is still 16 times higher then Bitcoin. Great article: https://www. bloomberg.com/view/articles/ 2017-12-07/bitcoin-is-greener-than-its-critics-think … pic.twitter.com/Ryo2KMuKdv";;@eiaine;;"939216593552269312";https://twitter.com/_jonasschnelli_/status/939216593552269312
_jonasschnelli_;2017-12-07 14:43;55;168;""Bitcoin is a tool for freeing humanity from oligarchs and tyrants, dressed up as a get-rich-quick scheme." AngelList CEO Naval Ravikant Don't forget to look at the inner value of bitcoin during speculation hype phases.";;;;"938901832310571008";https://twitter.com/_jonasschnelli_/status/938901832310571008
_jonasschnelli_;2017-12-07 12:24;0;3;"150’000 USD bounty seems pretty large for a startup. Also, the time limiter is nowadays required. Who knows if its 500k on Monday.";;;;"938866782898503680";https://twitter.com/_jonasschnelli_/status/938866782898503680
_jonasschnelli_;2017-12-06 22:37;248;493;"While Bitcoins are getting more valuable, do your homework: Control your keys (don't leave your coins in the hand of third parties) Keep your keys offline (use a hardware wallet) Have a solid inherit solution (don't let your keys die with you)";;;;"938658813401427969";https://twitter.com/_jonasschnelli_/status/938658813401427969
_jonasschnelli_;2017-12-06 22:27;13;53;"The Bitcoin (Satoshi’s) idea was to avoid centralised money honeypots. But somehow we don’t get it. MyBitcoins, MtGox, Bitfinnex. Who's next? https:// twitter.com/NiceHashMining /status/938504277168934912 …";;;;"938656206951870465";https://twitter.com/_jonasschnelli_/status/938656206951870465
_jonasschnelli_;2017-12-06 21:16;20;90;"*cough slightly*, @rogerkver told us also "MtGox is solvent, don't worry.". https://www. reddit.com/r/Bitcoin/comm ents/5y0m35/the_first_time_roger_ver_misled_the_bitcoin/ … pic.twitter.com/PsyMTPZHPk";;@rogerkver;;"938638408095690753";https://twitter.com/_jonasschnelli_/status/938638408095690753
_jonasschnelli_;2017-12-06 00:29;34;101;"It indeed "hurts" if you look at the plain comparison. But: - how much energy is extra produced for Bitcoin (E can't be stored, must be cheep to max. miners profit)? - is the energy "wasted" compared to xmas lights? - how much energy consumes the banking/CC payment system? https:// twitter.com/EricHolthaus/s tatus/938114707160027137 …";;;;"938324516450824193";https://twitter.com/_jonasschnelli_/status/938324516450824193
_jonasschnelli_;2017-12-05 13:23;0;3;"Bitcoin don’t. But you should. And ultimately it’s about you.";;;;"938156808006279168";https://twitter.com/_jonasschnelli_/status/938156808006279168
_jonasschnelli_;2017-12-05 13:12;29;186;"Eat fruits and veggies, avoid animal products. Go surfing (lifting weights ain’t fun). Hold bitcoins. Live longer and happier… https:// twitter.com/bitstein/statu s/874049065142677504 …";;;;"938154013379268608";https://twitter.com/_jonasschnelli_/status/938154013379268608
_jonasschnelli_;2017-12-02 21:07;342;1769;"That feeling you get when you wait on the airport, see a rasta dude trading a two digit amount of Bitcoins next to a random business guy reading about Bitcoin in a major newspaper... while you are working on a Bitcoin Core patch.";;;;"937186491117142016";https://twitter.com/_jonasschnelli_/status/937186491117142016
_jonasschnelli_;2017-12-02 11:00;16;58;"Bitcoin "has died" now 200 times (and counting...) in various press articles https:// 99bitcoins.com/obituary-stats/";;;;"937033662574477313";https://twitter.com/_jonasschnelli_/status/937033662574477313
_jonasschnelli_;2017-11-30 10:59;2;19;"ROFL! https:// twitter.com/stoolpresident e/status/936032829154004993 …";;;;"936308758703087616";https://twitter.com/_jonasschnelli_/status/936308758703087616
_jonasschnelli_;2017-11-29 22:37;10;57;"What if the IRS legal attempt is just noise? What are the chances that those large payment bridges (BTC ins/outs) are already taped by authorities? Maybe the strategy is to fool people by thinking their privacy is protected? Don't forget: trusted third parties are privacy holes. https:// twitter.com/katie_haun/sta tus/936040283451428864 …";;;;"936122113638875136";https://twitter.com/_jonasschnelli_/status/936122113638875136
_jonasschnelli_;2017-11-29 12:02;2;17;"When Bitcoin USD exchange rate goes up and down a multiple of hundreds _within minutes_ and your mindset got stuck at the point where 100% was 10USD. pic.twitter.com/85cS3SBXJJ";;;;"935962210097971200";https://twitter.com/_jonasschnelli_/status/935962210097971200
_jonasschnelli_;2017-11-29 11:50;11;52;"The #BCash (BU) development roadmap sounds like redoing unnecessary failures other altcoins have made. Point 4, the probably most important, should have been made month ago. Why the rest? All done in other altcoins? BCash blocks are 96k in avg. Ne need for scale. pic.twitter.com/0aIkw6dd8y";;;#BCash;"935959106627682304";https://twitter.com/_jonasschnelli_/status/935959106627682304
_jonasschnelli_;2017-11-28 23:36;0;8;"So they are in LTC or most other alt-coins…";;;;"935774419758264321";https://twitter.com/_jonasschnelli_/status/935774419758264321
_jonasschnelli_;2017-11-28 23:05;91;245;"BCash average block size during the last 7 days: 92kb Average fee per tx: 17497 sat. == 26 Cents If BCH would be 10k as BTC, the avg fee would have been: == 1.7479 USD During a time of 92kb blocks (0.26tx/sec). http:// statocashi.info";;;;"935766527038586882";https://twitter.com/_jonasschnelli_/status/935766527038586882
_jonasschnelli_;2017-11-28 18:13;10;55;"Also... @rogerkver also promised that MtGox coins are safe. BCash rides on a wave in the Bitcoin ocean... and will very likely flat out soon. https:// twitter.com/rogerkver/stat us/935568616057114624 …";;@rogerkver;;"935693069629890560";https://twitter.com/_jonasschnelli_/status/935693069629890560
_jonasschnelli_;2017-11-28 18:10;26;138;"BCash slightly performed better them Bitcoin (~*2.9 vs *2.3) during last 3m. Maybe because of market manipulation. 98% of Bcashs source code is Bitcoin Core. I don't see a bright future for BCH. Changing the blocksize limit won't give you the last 7 yrs bitcoin performance. https:// twitter.com/rogerkver/stat us/935568616057114624 …";;;;"935692471589257217";https://twitter.com/_jonasschnelli_/status/935692471589257217
_jonasschnelli_;2017-11-27 22:50;0;12;"I bet he collects and hoards cryptocurrencies like a squirrel… What else would you expect from someone who have co-founded PayPal(he knows!)";;;;"935400471392542720";https://twitter.com/_jonasschnelli_/status/935400471392542720
_jonasschnelli_;2017-11-25 17:52;2;42;"Bcash";;;;"934600744044339200";https://twitter.com/_jonasschnelli_/status/934600744044339200
_jonasschnelli_;2017-11-24 23:28;10;26;"Don’t consider air-gapped machines containing #bitcoin private key material per se as „secure“. Side-channel attacks are real. https:// twitter.com/darksidelemm/s tatus/934005125932204032 …";;;#bitcoin;"934322784590688256";https://twitter.com/_jonasschnelli_/status/934322784590688256
_jonasschnelli_;2017-11-24 23:25;0;16;"@CobraBitcoin . It’s not about what and where you want to go. It’s about how you do it (language, delicacy of feeling, when to take action)";;@CobraBitcoin;;"934322163410026496";https://twitter.com/_jonasschnelli_/status/934322163410026496
_jonasschnelli_;2017-11-24 23:22;8;72;"Oh no. @officialmcafee I just started to slowly like you (again). But you have a tendency to get dragged into the wrong direction. https:// twitter.com/officialmcafee /status/934228895901147136 …";;@officialmcafee;;"934321430585491458";https://twitter.com/_jonasschnelli_/status/934321430585491458
_jonasschnelli_;2017-11-24 11:38;7;65;"http:// Bitcoin.org did and does a great job for #bitcoin . Though, I have to say I don't like the impulsivnesss and inprofessionality of @CobraBitcoin . Newcomers and the community should not be confused more..";;@CobraBitcoin;#bitcoin;"934144325469876224";https://twitter.com/_jonasschnelli_/status/934144325469876224
_jonasschnelli_;2017-11-23 10:35;2;39;"What are the odds that she (or whoever created that account) was an arm of a broader marketing strategy? Can we please have more quality fakes? pic.twitter.com/fnpwcMMc7Q";;;;"933766004991074304";https://twitter.com/_jonasschnelli_/status/933766004991074304
_jonasschnelli_;2017-11-22 15:55;166;438;"The current #NetNeutraility debate reveals what it is really about: Trusted third parties are security and privacy holes! What we need in the long run is reliable, fast and encrypted onion routing (or similar techniques) where netneutrality is in the hands of users.";;;#NetNeutraility;"933484233980395520";https://twitter.com/_jonasschnelli_/status/933484233980395520
_jonasschnelli_;2017-11-22 15:45;1;6;"Hmm… is that true @fluffypony ? https:// twitter.com/mjos_crypto/st atus/933456673443901440 …";;@fluffypony;;"933481542801698817";https://twitter.com/_jonasschnelli_/status/933481542801698817
_jonasschnelli_;2017-11-21 13:08;4;18;"Sweeping an offline private key (paper wallet) on an online machine via a random software is highly insecure. https:// twitter.com/jackinthebox74 7/status/933073454793920512 …";;;;"933079804655542273";https://twitter.com/_jonasschnelli_/status/933079804655542273
_jonasschnelli_;2017-11-21 12:37;30;104;"Bitcoin forks payouts tend to weaken users security because many people sweep paperwallets in order to payout the fork coin. Be careful.";;;;"933071803370446848";https://twitter.com/_jonasschnelli_/status/933071803370446848
_jonasschnelli_;2017-11-21 12:21;0;1;"The device is signing just hashes. The mobile app („2FA“) does verify the transaction & authenticity (raw-tx data signed by the device)";;;;"933067886494494720";https://twitter.com/_jonasschnelli_/status/933067886494494720
_jonasschnelli_;2017-11-20 15:30;1;32;"Because some people actually care about novice users getting screwed over…";;;;"932753042381746176";https://twitter.com/_jonasschnelli_/status/932753042381746176
_jonasschnelli_;2017-11-20 12:16;5;23;"@rogerkver If you still have a tiny respect for new users entering the world of Bitcoin, stop your BCash is Bitcoin bullshit. Ppl loose $";;@rogerkver;;"932704239624732672";https://twitter.com/_jonasschnelli_/status/932704239624732672
_jonasschnelli_;2017-11-20 12:12;18;48;"Great post by @jimmysong https:// bitcointechtalk.com/segwit2x-bugs- explained-8e0c286124bc … Bitcoin development does not follow company/CEO/investors deadlines… pic.twitter.com/qraSpTZeRE";;@jimmysong;;"932703324125609984";https://twitter.com/_jonasschnelli_/status/932703324125609984
_jonasschnelli_;2017-11-19 21:15;0;24;"Maybe tell your NY2X signing partners that they should invest in better fee estimation algorithms rather then try to disrupt with senseless competitive software. You companies have the most resources for doing that work (some of them do already).";;;;"932477381348007936";https://twitter.com/_jonasschnelli_/status/932477381348007936
_jonasschnelli_;2017-11-17 21:23;1;28;"@pwuille strikes again! What an efficient tweet.. https:// twitter.com/pwuille/status /931690397134237696 …";;@pwuille;;"931754635043340288";https://twitter.com/_jonasschnelli_/status/931754635043340288
_jonasschnelli_;2017-11-17 11:05;29;104;"If you study the facts you very likely come to the same conclusion. Bitcoin is under attack (since years; now professional forged attacks) https:// twitter.com/jfnewbery/stat us/931553531471032320 …";;;;"931599284818001920";https://twitter.com/_jonasschnelli_/status/931599284818001920
_jonasschnelli_;2017-11-15 00:41;0;4;"That’s not how FOSS works. If all maintainers get hit by a bus, someone (a group) can still continue to work on the code. It’s just GitHub!";;;;"930717258971693057";https://twitter.com/_jonasschnelli_/status/930717258971693057
_jonasschnelli_;2017-11-14 23:25;27;101;"Right! Everyone can work on Bitcoin Core. Maintainers can’t turn down reasonable proposals. There will always be a fair tech. discussion. https:// twitter.com/jardimsonoro/s tatus/930625752369958913 …";;;;"930698271399477248";https://twitter.com/_jonasschnelli_/status/930698271399477248
_jonasschnelli_;2017-11-14 22:13;72;340;"4 developers have currently commit access: @orionwl @pwuille @MarcoFalke and myself. It's a burden. It's for those who are willing to review and test code and keep up with the ~80 github comments per day. It's not always fun and it's certainly not a privilege.";;@orionwl @pwuille @MarcoFalke;;"930680174697381888";https://twitter.com/_jonasschnelli_/status/930680174697381888
_jonasschnelli_;2017-11-14 12:37;3;15;"Read @orionwl blog post for more details: http:// laanwj.github.io/2016/05/06/hos tility-scams-and-moving-forward.html …";;@orionwl;;"930535080413470723";https://twitter.com/_jonasschnelli_/status/930535080413470723
_jonasschnelli_;2017-11-14 12:04;1;25;"No. He wasn't the lead dev (there is no lead dev). He was just an inactive maintainer (for almost a year) and also became a maintainer of altcoin projects sharing the same blockchain (XT/Classic).";;;;"930526826153238529";https://twitter.com/_jonasschnelli_/status/930526826153238529
_jonasschnelli_;2017-11-14 11:34;49;244;"The true fact is: @gavinandresen wasn't active for almost a year and his commits rights where just a security weakness. Commit rights are for those who can keep up with changes and are willing to do the job. https:// twitter.com/lorcacons/stat us/930387564069924864 …";;@gavinandresen;;"930519303232692224";https://twitter.com/_jonasschnelli_/status/930519303232692224
_jonasschnelli_;2017-11-13 17:25;38;113;"Updates on Confidential Transactions efficiency: https:// lists.linuxfoundation.org/pipermail/bitc oin-dev/2017-November/015283.html …";;;;"930245243584225281";https://twitter.com/_jonasschnelli_/status/930245243584225281
_jonasschnelli_;2017-11-13 17:11;0;0;"You have your own chain (Cash) now? Why debate any longer?";;;;"930241821950722048";https://twitter.com/_jonasschnelli_/status/930241821950722048
_jonasschnelli_;2017-11-13 12:22;0;4;"Non SW cars are Trucks! It just took me 1.5h to drive 3 miles in CA on a 8 lane „highway“. Wake up! Allow yourself to learn from failures";;;;"930169047961890816";https://twitter.com/_jonasschnelli_/status/930169047961890816
_jonasschnelli_;2017-11-13 12:09;0;5;"The funny part is, SegWit has increased the netto blocksize in a far better way. Building broader streets does not solve the traffic problem";;;;"930165740484812800";https://twitter.com/_jonasschnelli_/status/930165740484812800
_jonasschnelli_;2017-11-13 11:57;0;11;"I wonder how r/bitcoin can double the blocksize. Gladly there is no Bitcoin CEO and it’s truly owned by the people (unlink Bitcoin Cash).";;;;"930162685966036992";https://twitter.com/_jonasschnelli_/status/930162685966036992
_jonasschnelli_;2017-11-13 10:19;0;4;"https:// cryptowatch.de";;;;"930138081155432448";https://twitter.com/_jonasschnelli_/status/930138081155432448
_jonasschnelli_;2017-11-12 22:50;46;240;"The show is over! Stop constantly reloading the exchange rate and do something valuable (like writing code). pic.twitter.com/IJ0NudNM6r";;;;"929964754843471872";https://twitter.com/_jonasschnelli_/status/929964754843471872
_jonasschnelli_;2017-11-11 21:20;15;76;"I think I'm overfed with popcorn from all those bitcoin dramas.";;;;"929579649390166017";https://twitter.com/_jonasschnelli_/status/929579649390166017
_jonasschnelli_;2017-11-10 09:10;0;15;"Your Answer reflects a very limited view how things work in Bitcoin. Join and help defining the roadmap or continue fund nonsense projects.";;;;"929033523847032832";https://twitter.com/_jonasschnelli_/status/929033523847032832
_jonasschnelli_;2017-11-09 23:50;10;112;"Peter, why don't you hire a developer (or redirect a current team member) who could work 100% on Core? What would you lose? How much of your company risks do involve the bitcoin core infrastructure stability?";;;;"928892584910495744";https://twitter.com/_jonasschnelli_/status/928892584910495744
_jonasschnelli_;2017-11-09 12:04;68;198;"If you think forming consensus is a „battle“ where someone can „win“ you misunderstand the ultimate property of Bitcoin (change resistance). https:// twitter.com/erikvoorhees/s tatus/928646295249502208 …";;;;"928714997324062721";https://twitter.com/_jonasschnelli_/status/928714997324062721
_jonasschnelli_;2017-11-02 12:42;2;39;"Congrats @MarcoFalke for joining @ChainCodeLabs ! @bitcoincoreorg development power has strongly increased during the last 3 years.";;@MarcoFalke @ChainCodeLabs @bitcoincoreorg;;"926172789538635778";https://twitter.com/_jonasschnelli_/status/926172789538635778
_jonasschnelli_;2017-11-01 11:18;14;66;"Amazon controls majority of SegWit2X nodes? :-) I wonder how many legal AWS contracts are behind the found 817 nodes… https:// twitter.com/lopp/status/92 5778410965647360 …";;;;"925789186182881280";https://twitter.com/_jonasschnelli_/status/925789186182881280
_jonasschnelli_;2017-10-26 23:34;0;5;"Promising long term scaling solution with initial proves that it can work and plenty of academic brain power behind it.";;;;"923799960465719296";https://twitter.com/_jonasschnelli_/status/923799960465719296
_jonasschnelli_;2017-10-26 23:24;22;146;"If you have spent to much time in politics rather the technical evolution of Bitcoin you may end up with such nonsense thinking (like a miners rollback). https:// twitter.com/Falkvinge/stat us/922739645338746881 …";;;;"923797586711941120";https://twitter.com/_jonasschnelli_/status/923797586711941120
_jonasschnelli_;2017-10-26 23:11;3;12;""Who decides what will be merged?"... everyone who participates in Bitcoin Core. Make some contributions and your word will have more weight... everyone can comment, accept or reject a proposal. You need good technical arguments though (for most proposals).";;;;"923794325518950401";https://twitter.com/_jonasschnelli_/status/923794325518950401
_jonasschnelli_;2017-10-23 09:12;53;140;"Incredible work on QRCode "enhancements" & private key bruteforcing. https:// medium.com/@SassanoM/lets -enhance-how-we-found-rogerkver-s-1000-wallet-obfuscated-private-key-8514e74a5433 …";;@SassanoM;;"922496006733705216";https://twitter.com/_jonasschnelli_/status/922496006733705216
_jonasschnelli_;2017-10-19 22:00;0;4;"Yes. A VPS with a large IPv6 range, a single Bitcoin node running on that machine… and some iptables magic.";;;;"921239793761116161";https://twitter.com/_jonasschnelli_/status/921239793761116161
_jonasschnelli_;2017-10-19 20:56;33;122;"Again. Don’t get fooled by the node count. You can bootstrap 1000 nodes (IPv6) on a single 25$/month VPS.";;;;"921223607874813954";https://twitter.com/_jonasschnelli_/status/921223607874813954
_jonasschnelli_;2017-10-19 15:13;0;0;"Best decision: (regardless of the fork)… get a hardware wallet and >own< your Bitcoins!";;;;"921137345553776640";https://twitter.com/_jonasschnelli_/status/921137345553776640
_jonasschnelli_;2017-10-19 15:13;0;0;"1) If your Bitcoins are hold by @coinbase , you don’t own >any< Bitcoin (only little rights to eventually withdraw them)…";;@coinbase;;"921137200841998337";https://twitter.com/_jonasschnelli_/status/921137200841998337
_jonasschnelli_;2017-10-18 09:04;0;2;"This is also the reason why the @DigitalBitbox stores the secrets on a dedicated chip that protects from physical extraction attempts.";;@DigitalBitbox;;"920682104815370241";https://twitter.com/_jonasschnelli_/status/920682104815370241
_jonasschnelli_;2017-10-17 16:21;0;1;"Agree. Also check @DigitalBitbox where a dedicated TRNG chip is in place and entropy is collected from that chip & the MCU (optional entropy from computer is possible).";;@DigitalBitbox;;"920429500818534400";https://twitter.com/_jonasschnelli_/status/920429500818534400
_jonasschnelli_;2017-10-17 09:40;17;64;"r/btc logic reaches new level. Can it get worse? pic.twitter.com/y4hPA51uIZ";;;;"920328714721771520";https://twitter.com/_jonasschnelli_/status/920328714721771520
_jonasschnelli_;2017-10-16 22:49;0;0;"I though vanilla libbitcoin does also support BIP37 based „SPV“? Or am I wrong? https:// github.com/libbitcoin/lib bitcoin/blob/5ba6ed9a4c83bab37952a29936dbdb672d64b71e/include/bitcoin/bitcoin/message/filter_add.hpp …";;;;"920164943135096833";https://twitter.com/_jonasschnelli_/status/920164943135096833
_jonasschnelli_;2017-10-16 22:16;0;0;""System security should not depend on the secrecy of the implementation or its components." (NIST, July 2008)";;;;"920156506959462400";https://twitter.com/_jonasschnelli_/status/920156506959462400
_jonasschnelli_;2017-10-16 21:50;0;0;"So better obscure (close the source) and wait 7 years until the „public“ also finds the protocol level issues?";;;;"920149910707515392";https://twitter.com/_jonasschnelli_/status/920149910707515392
_jonasschnelli_;2017-10-16 21:46;38;63;"The Infineon developed RSA Library did pass the FIPS 140-2 Level 2 certification. 100% avoid closed source crypto and paywall certification https:// twitter.com/tqbf/status/91 9934031378157570 …";;;;"920148878078255105";https://twitter.com/_jonasschnelli_/status/920148878078255105
_jonasschnelli_;2017-10-16 12:47;13;24;"Great post by @matthew_d_green about the recent WIFI WPA exploit. https:// blog.cryptographyengineering.com/2017/10/16/fal ling-through-the-kracks/amp/ … pic.twitter.com/xzHj6U6hqC";;@matthew_d_green;;"920013371461660672";https://twitter.com/_jonasschnelli_/status/920013371461660672
_jonasschnelli_;2017-10-14 18:34;25;134;"Hah. That! Great to see rights to free expression on exec level. pic.twitter.com/T8yXtDcFmC";;;;"919375823714492416";https://twitter.com/_jonasschnelli_/status/919375823714492416
_jonasschnelli_;2017-10-13 23:00;0;8;"A single enter-your-node-IP-here approach would be insane insecure. Tor is an alternative. BIP151/150 should be easy and secure.";;;;"919080512295133184";https://twitter.com/_jonasschnelli_/status/919080512295133184
_jonasschnelli_;2017-10-13 13:40;0;1;"I would say it's a (B)itcoin (W)eb (O)f (T)rust ID. Not sure though.";;;;"918939405305372672";https://twitter.com/_jonasschnelli_/status/918939405305372672
_jonasschnelli_;2017-10-09 13:24;17;66;"You mean the website owned by Roger Ver initially a clone of http:// bitcoin.org with ads and Core removed? And now has gambling apps? https:// twitter.com/jgarzik/status /916438756382535691 …";;;;"917485997511688192";https://twitter.com/_jonasschnelli_/status/917485997511688192
_jonasschnelli_;2017-10-09 07:33;11;20;"The Video of the BIP150/BIP151 presentation is online! Thanks @_DeniseTerry https:// twitter.com/_DeniseTerry/s tatus/917306192447250433 …";;@_DeniseTerry;;"917397717885652992";https://twitter.com/_jonasschnelli_/status/917397717885652992
_jonasschnelli_;2017-10-08 11:27;12;60;"I’ll give a talk about „The Bitcoin Core project: what is Bitcoin Core and who is behind it„ at Tue Oct 17th in LA https://www. meetup.com/Los-Angeles-Bi tcoin/events/244021004/ …";;;;"917094077346177025";https://twitter.com/_jonasschnelli_/status/917094077346177025
_jonasschnelli_;2017-10-06 20:39;27;90;"This wise quote from @nntaleb matches perfectly to the Craig S. Wright talk @bitcoin_ch is planing. Cancel it today and stay away from fraud pic.twitter.com/NFDHyL1x9f";;@nntaleb @bitcoin_ch;;"916508156351569920";https://twitter.com/_jonasschnelli_/status/916508156351569920
_jonasschnelli_;2017-10-05 11:56;1;10;"You can’t purge history,.. you can only cut references and try to avoid people getting screwed over with your name-tag on in.";;;;"916014192942997504";https://twitter.com/_jonasschnelli_/status/916014192942997504
_jonasschnelli_;2017-10-05 11:26;4;34;"Really disappointed to see „neutrality“ and „different viewpoints“ arguments. That’s just bullshit. You are going to help a scammer. BAS-- https:// twitter.com/lucas_lclc/sta tus/916004666713841664 …";;;;"916006701618257921";https://twitter.com/_jonasschnelli_/status/916006701618257921
_jonasschnelli_;2017-10-05 10:34;106;285;"Stop pretending Core is an organization. Start contribute today or put resources at it and be a part of this beautiful open source project. https:// twitter.com/ErikVoorhees/s tatus/915751471165173765 …";;;;"915993634498940928";https://twitter.com/_jonasschnelli_/status/915993634498940928
_jonasschnelli_;2017-10-05 09:55;1;4;"Oh... missed that. Then nevermind my argument.";;;;"915983702970134529";https://twitter.com/_jonasschnelli_/status/915983702970134529
_jonasschnelli_;2017-10-05 09:28;1;2;"Wait!? If folks are going to implement something outside of Core it doesn't require a BIP? Core != BIP. RFCs are good regardless of Mozilla.";;;;"915976918972928001";https://twitter.com/_jonasschnelli_/status/915976918972928001
_jonasschnelli_;2017-10-04 17:19;7;43;"Critical thinking is very important! This is why I strongly advise to not give scammers a stage. This is not about opinions or viewpoints. Just don't do this. https:// twitter.com/lucas_lclc/sta tus/915700259606683648 …";;;;"915733250034638848";https://twitter.com/_jonasschnelli_/status/915733250034638848
_jonasschnelli_;2017-10-04 10:38;1;9;"That is correct, although it does not imply that we actively need to support fraudsters. Actions to stop such fraudsters is BTC-codex IMO.";;;;"915632344135905280";https://twitter.com/_jonasschnelli_/status/915632344135905280
_jonasschnelli_;2017-10-04 10:04;1;15;"I generally like being not to serious and making fun of each other. But when it comes to drag Bitcoin into the scam-corner, fun must stop.";;;;"915623779199475712";https://twitter.com/_jonasschnelli_/status/915623779199475712
_jonasschnelli_;2017-10-04 09:53;2;22;"Indeed. Though, offer CSW a stage as an „association“ (members care?!) is not about „opinion“ or „open discussions“. It’s fraud support. https:// twitter.com/snyke/status/9 15607875933937665 …";;;;"915620891387510784";https://twitter.com/_jonasschnelli_/status/915620891387510784
_jonasschnelli_;2017-10-04 09:31;8;37;"@bitcoin_ch Can you please remove https://www. bitcoinassociation.ch/events-2016/20 16/5/20/coredev-hacking-zurich … , https://www. bitcoinassociation.ch/events-2016/20 16/1/19/jonas-schnelli-bitcoin-core-release-012 … and https://www. bitcoinassociation.ch/events-2017ff/ 2017/2/15/jonas-schnelli-new-bitcoin-release-014 … from you site and youtube?";;@bitcoin_ch;;"915615265026539520";https://twitter.com/_jonasschnelli_/status/915615265026539520
_jonasschnelli_;2017-10-04 08:02;59;212;"The Bitcoin Association Switzerland has obviously lost his mind by accepting a talk of fraudster Craig S. Wright? http:// meetu.ps/3dGd1M";;;;"915592927853686789";https://twitter.com/_jonasschnelli_/status/915592927853686789
_jonasschnelli_;2017-10-03 15:31;0;0;"Hopefully soon... ping @_DeniseTerry";;@_DeniseTerry;;"915343519153242112";https://twitter.com/_jonasschnelli_/status/915343519153242112
_jonasschnelli_;2017-09-29 19:45;0;12;"NO";;;;"913957841995669504";https://twitter.com/_jonasschnelli_/status/913957841995669504
_jonasschnelli_;2017-09-28 20:21;38;114;"This is completely wrong. No company controls Bitcoin. They (much more then two) invest in infrastructure by giving devs complete freedom. https:// twitter.com/jgarzik/status /913025251134590976 …";;;;"913604698489450496";https://twitter.com/_jonasschnelli_/status/913604698489450496
_jonasschnelli_;2017-08-26 00:44;2;25;"I recommend to stop such turf wars. They not worth the effort. Fun Q: are unencrypted non-signed emails considered private? ISP can read. https:// twitter.com/barrysilbert/s tatus/901238406230941696 …";;;;"901349507107098624";https://twitter.com/_jonasschnelli_/status/901349507107098624
_jonasschnelli_;2017-08-20 07:23;4;15;"The @DigitalBitbox may not have a screen (for now) but its security-design seems to make sense. From @spudowiar @TREZOR exploit writeup: pic.twitter.com/MLy1R5y24u";;@DigitalBitbox @spudowiar @TREZOR;;"899275753476550658";https://twitter.com/_jonasschnelli_/status/899275753476550658
_jonasschnelli_;2017-08-19 12:17;0;13;"It still is if you can hide out Reddit and Twitter, though you would lose the nerve-jangling element that keeps you awake all night. https:// twitter.com/matthew_d_gree n/status/898925291850125312 …";;;;"898987266894417920";https://twitter.com/_jonasschnelli_/status/898987266894417920
_jonasschnelli_;2017-08-18 04:38;0;0;"2/ the SEPs article (I don’t see why this should be a scam, but haven’t researched in detail) has nothing to do with Trezor.";;;;"898509280957091845";https://twitter.com/_jonasschnelli_/status/898509280957091845
_jonasschnelli_;2017-08-18 04:37;0;3;"1/ Nono. No attacker. It’s one family and having multiple hardware wallet companies is important for the overall security of the users.";;;;"898509135343431680";https://twitter.com/_jonasschnelli_/status/898509135343431680
_jonasschnelli_;2017-08-18 03:26;0;1;"Where do you see a conflict of interest? I’m involved in @DigitalBitbox but I also using a @TREZOR";;@DigitalBitbox @TREZOR;;"898491248775974912";https://twitter.com/_jonasschnelli_/status/898491248775974912
_jonasschnelli_;2017-08-18 02:07;0;1;"But they have released new firmware? So it seems to not be a pure scam?";;;;"898471411886510080";https://twitter.com/_jonasschnelli_/status/898471411886510080
_jonasschnelli_;2017-08-18 02:01;4;11;"If you still think, SEPs(Secure Enclave Processor) or TEEs give you enough security, read this. 2FA via iOS? Meh! http://www. iclarified.com/62025/hacker-d ecrypts-apples-secure-enclave-processor-sep-firmware …";;;;"898469951199207424";https://twitter.com/_jonasschnelli_/status/898469951199207424
_jonasschnelli_;2017-08-18 01:45;8;9;"Oh? How serious (researched) is the recent Trezor hack? Does it require bootloader updates or device replacement? https:// medium.com/@Zero404Cool/t rezor-security-glitches-reveal-your-private-keys-761eeab03ff8 …";;@Zero404Cool;;"898465873995976705";https://twitter.com/_jonasschnelli_/status/898465873995976705
_jonasschnelli_;2017-08-17 13:23;1;1;"Running in a Bitpay-like environment (payment processor, hot keys) has probably different security/review requirements (at least I hope).";;;;"898279213110878208";https://twitter.com/_jonasschnelli_/status/898279213110878208
_jonasschnelli_;2017-08-17 13:03;10;45;"Bitpays backend (Insight/BWS/BitCore) is still based on BitcoinCore 0.12.x. Upgrading their patches takes resources (they may not have).";;;;"898274008700932097";https://twitter.com/_jonasschnelli_/status/898274008700932097
_jonasschnelli_;2017-08-13 02:08;16;51;"It's that time again. https:// twitter.com/_jonasschnelli _/status/812251661032898560 …";;;;"896659658198351872";https://twitter.com/_jonasschnelli_/status/896659658198351872
_jonasschnelli_;2017-08-09 12:39;5;34;"On Mo. 4th of Sept. I’ll give a talk about Bitcoin P2P Network Encryption & Authentication at SF-Bitcoin-Devs meetup https://www. meetup.com/SF-Bitcoin-Dev s/events/242392588/ …";;;;"895369029652709376";https://twitter.com/_jonasschnelli_/status/895369029652709376
_jonasschnelli_;2017-08-09 09:26;1;1;"Tom, you no longer need to bother yourself with that stuff since you have your BCash chain. Or what reason you still have to debate here?";;;;"895320346420592647";https://twitter.com/_jonasschnelli_/status/895320346420592647
_jonasschnelli_;2017-08-07 10:57;9;24;"New BIP #159 NODE_NETWORK_LIMITED service bits (service bits for pruned peers to signal their services) https:// github.com/bitcoin/bips/p ull/566#issuecomment-320733921 …";;;#159 #issuecomment;"894618593098432512";https://twitter.com/_jonasschnelli_/status/894618593098432512
_jonasschnelli_;2017-08-07 03:41;0;0;"The great thing: they are local bitcoin enthusiast working on Sunday and that is what makes Bitcoin really special!";;;;"894508762496724992";https://twitter.com/_jonasschnelli_/status/894508762496724992
_jonasschnelli_;2017-08-07 03:06;12;38;"Producing the @DigitalBitbox in Switzerland. "Hand made", precise security and quality checks... pic.twitter.com/9nTYdZM181";;@DigitalBitbox;;"894499925106593792";https://twitter.com/_jonasschnelli_/status/894499925106593792
_jonasschnelli_;2017-08-06 04:55;28;99;"Is selling BCH (Bcash) ethical correct? Who buys it? Probably a poor person who thinks he/she buys Bitcoins at an amazing price.";;;;"894164940776517632";https://twitter.com/_jonasschnelli_/status/894164940776517632
_jonasschnelli_;2017-08-05 02:01;1;2;"Look at BIP151 and BIP150";;;;"893758885428940800";https://twitter.com/_jonasschnelli_/status/893758885428940800
_jonasschnelli_;2017-07-21 00:59;10;63;"The human ego factor plays an (sadly) important rule in #bitcoin sotfforks, though glad to see that everyone feels he’s a winner and leader. pic.twitter.com/35e0bS8Fs7";;;#bitcoin;"888307529238884352";https://twitter.com/_jonasschnelli_/status/888307529238884352
_jonasschnelli_;2017-07-21 00:05;292;757;"SegWit! Respect for the main dev behind it, @pwuille who never raised his voice for political nonsense. It took him >2yrs to get this done.";;@pwuille;;"888293822253367296";https://twitter.com/_jonasschnelli_/status/888293822253367296
_jonasschnelli_;2017-07-20 07:23;0;3;"What make you believe its not failing? We are currently activating segwit via some political nonsense extra loop. Hardfork? Who cares now?";;;;"888041721900224512";https://twitter.com/_jonasschnelli_/status/888041721900224512
_jonasschnelli_;2017-07-20 06:45;4;23;"I hope Barry has no intentions to split the BTC chain and expect a similar performance there… https:// twitter.com/barrysilbert/s tatus/757628841938472961 …";;;;"888032090851336192";https://twitter.com/_jonasschnelli_/status/888032090851336192
_jonasschnelli_;2017-07-20 00:38;1;2;"Maybe instead of using an untested multisig contract for >>multi million value<< they should have used a single sig hardware wallet";;;;"887939717186170880";https://twitter.com/_jonasschnelli_/status/887939717186170880
_jonasschnelli_;2017-07-19 13:39;3;17;"And don't use "untested" multisig solutions. https:// twitter.com/_jonasschnelli _/status/887770483302780929 …";;;;"887773847243698178";https://twitter.com/_jonasschnelli_/status/887773847243698178
_jonasschnelli_;2017-07-19 13:25;30;100;"What? You can execute a multi million ICO? But you can’t afford <100USD for a hardware wallet? https:// twitter.com/tuurdemeester/ status/887758301408227328 …";;;;"887770483302780929";https://twitter.com/_jonasschnelli_/status/887770483302780929
_jonasschnelli_;2017-07-19 12:57;11;36;"Missing peer review strikes again. https:// twitter.com/calblockchain/ status/887742667928608772 …";;;;"887763353178865664";https://twitter.com/_jonasschnelli_/status/887763353178865664
_jonasschnelli_;2017-07-19 06:57;0;0;"I can only speak for @bitcoincoreorg , all decision-processes are public, everyone can join, no close door deals, no organisation at all.";;@bitcoincoreorg;;"887672666248925184";https://twitter.com/_jonasschnelli_/status/887672666248925184
_jonasschnelli_;2017-07-19 06:40;48;134;"Visited the headquarter of „Bank for International Settlements“. I bet the #bitcoin tools in my backpack provide more trust and security. pic.twitter.com/3kEVCfrInq";;;#bitcoin;"887668417108508672";https://twitter.com/_jonasschnelli_/status/887668417108508672
_jonasschnelli_;2017-07-19 06:38;0;1;"Devs do not decide (luckily). They provide a software, everyone can fork it, everyone can decide to run or not run it or run different fork.";;;;"887667917294272512";https://twitter.com/_jonasschnelli_/status/887667917294272512
_jonasschnelli_;2017-07-19 01:56;0;1;"3/ we currently witness what happens if ~everyone agrees on the next scaling step (SegWit). The x2 is just political nonsense (tech-wise)";;;;"887596978598817792";https://twitter.com/_jonasschnelli_/status/887596978598817792
_jonasschnelli_;2017-07-19 01:54;0;1;"2 / Also, NY agreement is not supported by „all“ BTC companies. That would be misleading (missing some of the very early Bitcoin companies).";;;;"887596418763980800";https://twitter.com/_jonasschnelli_/status/887596418763980800
_jonasschnelli_;2017-07-19 01:50;0;2;"1/ Company – by default – do not server users, they server investors and focus on revenue. Otherwise they would be non-profit organisations.";;;;"887595524244819968";https://twitter.com/_jonasschnelli_/status/887595524244819968
_jonasschnelli_;2017-07-19 00:16;0;0;"So your saying it's okay if companies decide on Bitcoins future? What are the goals of companies? How about the goals individuals? Aligned?";;;;"887571739609358336";https://twitter.com/_jonasschnelli_/status/887571739609358336
_jonasschnelli_;2017-07-18 13:41;0;0;"Yes. I agree. But the current disput is more about if business driven close door deal should be accepted or not. This will shape the future.";;;;"887412113286811649";https://twitter.com/_jonasschnelli_/status/887412113286811649
_jonasschnelli_;2017-07-18 13:40;0;0;"With "coup" I meant to do a significant paradigma change by business driven closed door deals to steer where Bitcoin must head to.";;;;"887411823171047425";https://twitter.com/_jonasschnelli_/status/887411823171047425
_jonasschnelli_;2017-07-18 09:32;0;1;"Yes. Indeed. That's why we need to scale while keeping the focus on the core feature of Bitcoin. Otherwise why not use PayPal (better UX)?";;;;"887349342528565249";https://twitter.com/_jonasschnelli_/status/887349342528565249
_jonasschnelli_;2017-07-18 08:22;0;0;"I think Amirs words from 2013 may explain this more detailed: pic.twitter.com/DfB4tgSvO3";;;;"887331676795396102";https://twitter.com/_jonasschnelli_/status/887331676795396102
_jonasschnelli_;2017-07-18 08:18;0;1;"I'd say it's a coup against the people owned money system (decentralization) by a company-/wallstreet culture (increase users and tx vol.)";;;;"887330863905738752";https://twitter.com/_jonasschnelli_/status/887330863905738752
_jonasschnelli_;2017-07-18 05:12;1;4;"And "SegWit2x-Coup is failing" because probably (can't proof) all signaling miners run Core with BIP91 on top. Or was that the intention...";;;;"887283866297405442";https://twitter.com/_jonasschnelli_/status/887283866297405442
_jonasschnelli_;2017-07-18 04:52;1;6;"The current BIP91 singling (which is what NY/sw2x miners are currently doing) will activate segwit. Hardfork? Who knows, who cares already?";;;;"887279005724008449";https://twitter.com/_jonasschnelli_/status/887279005724008449
_jonasschnelli_;2017-07-17 13:15;0;16;"Too bad I can't attend this year. But looking forward to see great proposals. https:// twitter.com/ferdinando1970 /status/887037404812627968 …";;;;"887043206537457666";https://twitter.com/_jonasschnelli_/status/887043206537457666
_jonasschnelli_;2017-07-17 11:33;102;222;"Bitcoin is stronger then ever. The current - slowly failing - NY/segwit2x coup was the 4th attempt to weaken bitcoin (XT, Classic, BU, NY).";;;;"887017368865693696";https://twitter.com/_jonasschnelli_/status/887017368865693696
_jonasschnelli_;2017-07-15 13:16;66;106;"btc1 just merged 4 dns-seeds, 1st is not working, 2nd/3th no IPv6 support and static IP list, 4th is bloqs seed ( @jgarzik co-founded bloq)";;@jgarzik;;"886318684662362112";https://twitter.com/_jonasschnelli_/status/886318684662362112
_jonasschnelli_;2017-07-14 09:34;4;26;"Seeds are run by KYC companies rather then passioned devs, no public records if they conform to the policy document in btc1 sourcecode.";;;;"885900282038808576";https://twitter.com/_jonasschnelli_/status/885900282038808576
_jonasschnelli_;2017-07-14 09:26;1;1;"The false at the end means their DNS seed cannot filter services can be critical for a smooth SegWit deployment.";;;;"885898319112830977";https://twitter.com/_jonasschnelli_/status/885898319112830977
_jonasschnelli_;2017-07-14 09:21;0;8;"They will do it in a way but slower: https:// github.com/btc1/bitcoin/p ull/74/files …";;;;"885897040554754048";https://twitter.com/_jonasschnelli_/status/885897040554754048
_jonasschnelli_;2017-07-14 08:32;73;121;"The btc1 dns seed change can tell you a lot. Move away from devs seed (have ackd privacy/neutrality policy) to companies who seek control. pic.twitter.com/zlNEdVc081";;;;"885884662010322944";https://twitter.com/_jonasschnelli_/status/885884662010322944
_jonasschnelli_;2017-07-11 09:07;1;15;"Jeff: does that fit your definition of "open"?";;;;"884806326722977792";https://twitter.com/_jonasschnelli_/status/884806326722977792
_jonasschnelli_;2017-07-11 06:09;5;40;"a) What event do you mean regarding „delay“? b) BIP141 (SW) was officially release oct 27th 2016 after ~1yr testing.";;;;"884761527378739200";https://twitter.com/_jonasschnelli_/status/884761527378739200
_jonasschnelli_;2017-07-11 05:27;1;23;"Move from vote based system like consider.it to measuring support tickets? That’s ridiculous! Easy to fake. Don’t blindfold yourself.";;;;"884750891919781890";https://twitter.com/_jonasschnelli_/status/884750891919781890
_jonasschnelli_;2017-07-11 04:46;28;111;"How many tries we had? XT, Classic, BU? Have users adopted it? Stop telling us what users want.";;;;"884740795038924801";https://twitter.com/_jonasschnelli_/status/884740795038924801
_jonasschnelli_;2017-07-11 04:00;22;79;"Bitcoin full node project: If you go for a closed slack group for „testing“ and „chat“, your project has already failed at the core level. https:// twitter.com/jgarzik/status /884705192440209410 …";;;;"884729174581268480";https://twitter.com/_jonasschnelli_/status/884729174581268480
_jonasschnelli_;2017-07-11 02:32;8;32;"why would you want a closed Slack for testing and "chat"? There are little discussions about the impl. on github and the ML. FOSS spirit?No";;;;"884706899261886464";https://twitter.com/_jonasschnelli_/status/884706899261886464
_jonasschnelli_;2017-07-11 01:25;9;65;"Is it true that BTC1 (SegWit2x impl.) does operate/steer development in a closed Slack group and mailing-list?";;;;"884690168216768512";https://twitter.com/_jonasschnelli_/status/884690168216768512
_jonasschnelli_;2017-07-09 11:24;2;4;"@DigitalBitbox ( http://www. digitalbitbox.com ) BTC/ETH/U2F hardware wallet. Production in Switzerland, check it out: https:// youtu.be/6c3Ja4ruUcI";;@DigitalBitbox;;"884115947002503169";https://twitter.com/_jonasschnelli_/status/884115947002503169
_jonasschnelli_;2017-07-09 06:03;10;19;"New BIP: Bech32 Encoded Transaction Postion References. https:// github.com/bitcoin/bips/p ull/555 …";;;;"884035265295155200";https://twitter.com/_jonasschnelli_/status/884035265295155200
_jonasschnelli_;2017-07-09 01:47;7;31;"Some still think a) they know what users want (how did you measure) b) fulfill users wishes immediately at any cost (we all want scaling) https:// twitter.com/jgarzik/status /883596657664942080 …";;;;"883970841956012032";https://twitter.com/_jonasschnelli_/status/883970841956012032
_jonasschnelli_;2017-07-06 11:32;10;26;"Read this thread if you are interested in the "real scaling": https:// twitter.com/jfnewbery/stat us/883001356168167425 …";;;;"883030915840081920";https://twitter.com/_jonasschnelli_/status/883030915840081920
_jonasschnelli_;2017-07-05 09:56;0;0;"Well, I guess only a certain group can efforts summer holidays and even some of the northern hemisphere people tend to do vacation diff.time";;;;"882644315859816449";https://twitter.com/_jonasschnelli_/status/882644315859816449
_jonasschnelli_;2017-07-05 09:51;0;1;"But the „summer slump“ theory would indicate that Bitcoin is geographically (and sociodemographic) not very diversified?";;;;"882643194248404992";https://twitter.com/_jonasschnelli_/status/882643194248404992
_jonasschnelli_;2017-07-05 09:44;18;38;"#Bitcoin fees seems to really cool down. Any interpretations (beyond „demand of blockspace went down“ and conspiracy theories)? pic.twitter.com/IcuuXIq0sr";;;#Bitcoin;"882641269201227777";https://twitter.com/_jonasschnelli_/status/882641269201227777
_jonasschnelli_;2017-07-03 08:18;0;7;"If you want to store 100GB of privat keys I'll offer you free "private" space on my box...";;;;"881894841508036612";https://twitter.com/_jonasschnelli_/status/881894841508036612
_jonasschnelli_;2017-07-03 08:15;1;4;"Use Hetzners storage box 2.90 € (maybe +VAT for EU) for 100GB. SSH/SFTP (not sure about rsync). Or get a root (2nd hand 500GB+ for 25€/m).";;;;"881894256117510144";https://twitter.com/_jonasschnelli_/status/881894256117510144
_jonasschnelli_;2017-06-28 07:48;0;0;"And important to mention: if you can grab the developers iCloud >passphrase<, you can revoke and upload a malicious binary (auto-update !)";;;;"880075358178910208";https://twitter.com/_jonasschnelli_/status/880075358178910208
_jonasschnelli_;2017-06-28 07:40;0;0;"If they can't, Apple and the whole App Store infrastructure plays and important rule in "Signals" security/trust model.";;;;"880073524349726720";https://twitter.com/_jonasschnelli_/status/880073524349726720
_jonasschnelli_;2017-06-28 07:39;0;0;"Example: how can security experts verify that the current code signed "Signal" app was built with a certain git code-sources state...";;;;"880073138196709376";https://twitter.com/_jonasschnelli_/status/880073138196709376
_jonasschnelli_;2017-06-28 07:16;0;1;"If some users could, you grandmother would probably never get a malicious update. The possibility of verification is very important IMO.";;;;"880067335872069633";https://twitter.com/_jonasschnelli_/status/880067335872069633
_jonasschnelli_;2017-06-28 06:58;0;3;"The value of all that remains little if user can’t verify binaries manually (auto-update/ dev key revocation without user information, etc.) https:// twitter.com/kennyog/status /880040344255123456 …";;;;"880062941755846656";https://twitter.com/_jonasschnelli_/status/880062941755846656
_jonasschnelli_;2017-06-27 12:07;3;8;"Once BIP151/150 will be deployed, BGP attacks are harder to do (they „cost“ more while they are less „effective“).";;;;"879778184023216129";https://twitter.com/_jonasschnelli_/status/879778184023216129
_jonasschnelli_;2017-06-27 09:36;20;60;"Confused to read obvious FUD on @coindesk . Til now they had a reasonable level of quality (why such trash now?). http://www. coindesk.com/the-risks-of-b itcoins-segregated-witness-problems-under-us-contract-law/ …";;@coindesk;;"879740162644815872";https://twitter.com/_jonasschnelli_/status/879740162644815872
_jonasschnelli_;2017-06-21 12:27;0;1;"Hopefully soon. It’s possible with some RPC low level fiddling. But not very convenient. Help is on the way…";;;;"877608890418049024";https://twitter.com/_jonasschnelli_/status/877608890418049024
_jonasschnelli_;2017-06-20 23:05;4;19;"Maybe it's the best because you can't hold altcoins. Fun aside: the just published firmware supports BTC, ETC, ETH, ERC20 (more follow) https:// twitter.com/charbelghossan /status/877377587537948674 …";;;;"877407178394677250";https://twitter.com/_jonasschnelli_/status/877407178394677250
_jonasschnelli_;2017-06-20 05:55;18;39;"Meanwhile in the anti segwit chat „guys, you can stop now auto-self-send txns to blow up the mempool/fees! They going to active SW anyways“. https:// twitter.com/lopp/status/87 7134515935772672 …";;;;"877147828253974529";https://twitter.com/_jonasschnelli_/status/877147828253974529
_jonasschnelli_;2017-06-19 08:29;0;6;"Great to see him on that page. I guess "libbtc" is wrong, should probably be "libbitcoin"..";;;;"876824218448646150";https://twitter.com/_jonasschnelli_/status/876824218448646150
_jonasschnelli_;2017-06-17 11:18;55;214;"Truly one of the most gifted developer I ever met (and I code since 25 years). Sometimes I caught myself wishing I would be as good as him https:// twitter.com/weratebitcoine r/status/876088297231077378 …";;;;"876141990529961985";https://twitter.com/_jonasschnelli_/status/876141990529961985
_jonasschnelli_;2017-06-16 01:33;44;96;"If you use bitcoin, make sure you use its fundamental revolutionary power and never let third parties hold you coins for you. https:// twitter.com/free_ross/stat us/875472042035949569 …";;;;"875632405876363264";https://twitter.com/_jonasschnelli_/status/875632405876363264
_jonasschnelli_;2017-06-14 05:30;1;24;"In Zürich, no one wanted to pay for *car parking*, same in San Diego, Everywhere I go people hat it. (Feel free to replace the *_* part) https:// twitter.com/brianchoffman/ status/874963429475352576 …";;;;"874967242248728576";https://twitter.com/_jonasschnelli_/status/874967242248728576
_jonasschnelli_;2017-06-10 10:16;2;11;"I doubt there is a backdoor in the signal protocol. It's much simpler: the "ends" of the end-2-end encrypt. already have plenty of backdoors https:// twitter.com/durov/status/8 72891017418113024 …";;;;"873589750040494081";https://twitter.com/_jonasschnelli_/status/873589750040494081
_jonasschnelli_;2017-06-08 11:45;20;61;"Sites like http:// birds.bitcoin.com are truly a desperate try to give stupid tweets a voice by retweeting them via users who need the penny.";;;;"872887249309978624";https://twitter.com/_jonasschnelli_/status/872887249309978624
_jonasschnelli_;2017-06-05 04:46;0;2;"These damned twitter handles… Yes. Meant @lucas_lclc :)";;@lucas_lclc;;"871694765485690883";https://twitter.com/_jonasschnelli_/status/871694765485690883
_jonasschnelli_;2017-06-05 00:03;0;3;"Yes. I guess I can hangout the 12th and 13th somewhere. @brianchoffman Make sure you get in touch with @lclc to organise something.";;@brianchoffman @lclc;;"871623378041528320";https://twitter.com/_jonasschnelli_/status/871623378041528320
_jonasschnelli_;2017-06-03 13:45;2;14;"Isn’t that article not some kind of intellectual crypto-hooliganism by saying BTC is doomed and ETH does it right? On a Shitcoin news site?";;;;"871105690970071040";https://twitter.com/_jonasschnelli_/status/871105690970071040
_jonasschnelli_;2017-06-03 00:57;2;25;"Self assigning BIP-numbers and offer 0days against a pile of cash is a clear proof-of-troll. And a proof-of-don’t-care-about-bitcoin. Ignore https:// twitter.com/movrcx/status/ 870788462647095296 …";;;;"870912210910015488";https://twitter.com/_jonasschnelli_/status/870912210910015488
_jonasschnelli_;2017-06-01 13:01;2;23;"Bitcoin Core’s ICO : https:// bitcoincore.org/assets/images/ favicon.ico …";;;;"870369628345782272";https://twitter.com/_jonasschnelli_/status/870369628345782272
_jonasschnelli_;2017-06-01 11:44;0;4;"Well, then do a proposal and see how users react. Personal opinions and disagreement do not matter. Again, it OSS and driven by „the mass“.";;;;"870350269166563328";https://twitter.com/_jonasschnelli_/status/870350269166563328
_jonasschnelli_;2017-06-01 11:24;0;1;"Then fork the GUI into a separate repository and see how much improvements you will get…";;;;"870345318281478144";https://twitter.com/_jonasschnelli_/status/870345318281478144
_jonasschnelli_;2017-06-01 11:23;0;1;"Ideally, yes. But its a very long process and we all are working on it. You can’t just „delete“ it (== fork it off). That would be careless.";;;;"870345070360317952";https://twitter.com/_jonasschnelli_/status/870345070360317952
_jonasschnelli_;2017-06-01 11:21;0;3;"Nobody is holding you back, it’s an FOSS project, make your proposal and try to remove it. I’m trying it since 4 years…";;;;"870344539625709569";https://twitter.com/_jonasschnelli_/status/870344539625709569
_jonasschnelli_;2017-06-01 11:19;4;5;"If you want to decentralise to Bitcoin-Core project, don’t bother with the GUI, fork of the consensus module and create a reasonable API. https:// twitter.com/jgarzik/status /870330576733188097 …";;;;"870343998547820544";https://twitter.com/_jonasschnelli_/status/870343998547820544
_jonasschnelli_;2017-06-01 11:17;0;2;"3/ What we need is process separation and a clean interface (like an SPV mode or intercom proc. API). If you want to remove it, work on this";;;;"870343565507010560";https://twitter.com/_jonasschnelli_/status/870343565507010560
_jonasschnelli_;2017-06-01 11:16;0;1;"2/ Just forking of the codebase and constantly rebasing the full node code leads to more effort done by the same developers.";;;;"870343249709412352";https://twitter.com/_jonasschnelli_/status/870343249709412352
_jonasschnelli_;2017-06-01 11:15;0;1;"1/ I though you know it better. The GUI - in the current state - cannot be process separated nor can it be code separated.";;;;"870342965415346176";https://twitter.com/_jonasschnelli_/status/870342965415346176
_jonasschnelli_;2017-06-01 07:12;1;2;"GUI probably even increased productivity by having a wider audience to test features. If you don’t care, just disable it (as user and dev).";;;;"870281882528776192";https://twitter.com/_jonasschnelli_/status/870281882528776192
_jonasschnelli_;2017-06-01 07:11;0;6;"Can you point out some GUI changes that slowed down the rest of the project? I bet political factors slowed down Core development by fact10k";;;;"870281620921692160";https://twitter.com/_jonasschnelli_/status/870281620921692160
_jonasschnelli_;2017-06-01 07:08;1;4;"GUI never roadblocked BitcoinD. It remains the same if nobody adds stuff. It will get removed if nobody works on it. Both is not the case.";;;;"870280908938641408";https://twitter.com/_jonasschnelli_/status/870280908938641408
_jonasschnelli_;2017-06-01 04:31;42;106;"When the core devs talk about code peer/review, they mean it ( https://www. reddit.com/r/Bitcoin/comm ents/6eka7h/when_the_core_devs_talk_about_code_peerreview/ … ) pic.twitter.com/EkJmKZQMfs";;;;"870241271985692672";https://twitter.com/_jonasschnelli_/status/870241271985692672
_jonasschnelli_;2017-06-01 03:11;1;7;"SHA-3 (ket-chak) seems to have overall/(generalised) disadvantages over SHA256/512 http:// i.imgur.com/VUmFOeR.png https:// twitter.com/agl__/status/8 69948897308819456 …";;;;"870221289621000194";https://twitter.com/_jonasschnelli_/status/870221289621000194
_jonasschnelli_;2017-05-31 22:04;0;9;"And the Bitcoin-GUI is very powerful. Once it has a light-client (SPVish) mode, it may gain a much larger userbase.";;;;"870144011289460736";https://twitter.com/_jonasschnelli_/status/870144011289460736
_jonasschnelli_;2017-05-31 22:02;1;15;"Just deleting doesn't make sense. There is a userbase, contributors and maintainers. Moving it to another repo should be the strategy.";;;;"870143534912950272";https://twitter.com/_jonasschnelli_/status/870143534912950272
_jonasschnelli_;2017-05-31 09:42;86;169;"The average #ethereum transaction fee is currently 1$ ( https:// bitinfocharts.com/comparison/eth ereum-transactionfees.html … ). Scaling cryptocurrencies seems to be a hurdle.";;;#ethereum;"869957144195588096";https://twitter.com/_jonasschnelli_/status/869957144195588096
_jonasschnelli_;2017-05-31 05:46;5;27;"Smaller and much "smarter"... https:// twitter.com/charlieshrem/s tatus/869714077655998465 …";;;;"869897771398176770";https://twitter.com/_jonasschnelli_/status/869897771398176770
_jonasschnelli_;2017-05-26 03:27;1;10;"@lopp Please consider adding requested block heights distribution to statoshi (similar to http:// bitcoin.sipa.be/depths.png ). Would be of great value";;@lopp;;"868051003567984640";https://twitter.com/_jonasschnelli_/status/868051003567984640
_jonasschnelli_;2017-05-18 04:20;0;12;"If general computer scaling would have followed that argument we would still sit in front of a single core 8bit CPU (noisy 1THz/cooling)";;;;"865165224386715648";https://twitter.com/_jonasschnelli_/status/865165224386715648
_jonasschnelli_;2017-05-18 00:36;0;10;"But if we agree that SW comes first, then it should be activated now. Promises are non-technical and will result in more chaos and complains";;;;"865108856606740480";https://twitter.com/_jonasschnelli_/status/865108856606740480
_jonasschnelli_;2017-05-18 00:32;2;15;"We only activate SW if you promise a HF?This is not a compromise of world views.This would be a large step backwards in how we solve scaling";;;;"865107703974252544";https://twitter.com/_jonasschnelli_/status/865107703974252544
_jonasschnelli_;2017-05-18 00:20;0;6;"My motivation is to scale and not to promise solutions.";;;;"865104865722339328";https://twitter.com/_jonasschnelli_/status/865104865722339328
_jonasschnelli_;2017-05-18 00:18;21;73;"Why do we need to do a cow deal if there is only a single valid and sane scaling solution available ( #SegWit )? Bankster-Style deals? https:// twitter.com/erikvoorhees/s tatus/865039830715072512 …";;;#SegWit;"865104173859319809";https://twitter.com/_jonasschnelli_/status/865104173859319809
_jonasschnelli_;2017-05-17 08:03;0;0;"Well,.. the only available solution would be to run BU or Classic? Is it sane? What about the risks of (contentious) hardforks? SW is sup.";;;;"864858990278303745";https://twitter.com/_jonasschnelli_/status/864858990278303745
_jonasschnelli_;2017-05-17 07:51;0;0;"How can you „change it“?";;;;"864855787851714562";https://twitter.com/_jonasschnelli_/status/864855787851714562
_jonasschnelli_;2017-05-17 07:49;1;3;"Is @BU production ready? Risks? Same for @Bcoin ? Do we have field tests with ext-blocks? SegWit is deployed on LTC and BTC-T, many reviews.";;@BU @Bcoin;;"864855318135808000";https://twitter.com/_jonasschnelli_/status/864855318135808000
_jonasschnelli_;2017-05-17 05:35;90;209;"Dear miners, if you care about #Bitcoin , please signal #SegWit now. There are currently no other sane scaling solutions available.";;;#Bitcoin #SegWit;"864821557339844610";https://twitter.com/_jonasschnelli_/status/864821557339844610
_jonasschnelli_;2017-05-11 11:11;0;4;"The proposed encryption/authentication (BIP150) has no "tofu" (trust on first use). It requires pre-shared identity keys.";;;;"862731893883772928";https://twitter.com/_jonasschnelli_/status/862731893883772928
_jonasschnelli_;2017-05-03 01:53;0;9;"I leave it up to you how you interpret that data, though your interpretation looks highly biased and full of personal projection.";;;;"859692476726214656";https://twitter.com/_jonasschnelli_/status/859692476726214656
_jonasschnelli_;2017-05-02 11:23;0;8;"Maintainers don’t really decide. If they merge things without agreement from most contributors, people will move to the next project/fork.";;;;"859473465052721153";https://twitter.com/_jonasschnelli_/status/859473465052721153
_jonasschnelli_;2017-05-02 11:14;0;2;"I guess you try to reject facts with over-sienced precision requirements. It’s an indicator. Core has no typo-fix-hero or suchlike.";;;;"859471164384718850";https://twitter.com/_jonasschnelli_/status/859471164384718850
_jonasschnelli_;2017-05-02 10:48;0;1;"Can you elaborate why you think commits distribution is not a good indicator for the project decentralization? What would you recommend?";;;;"859464566228606977";https://twitter.com/_jonasschnelli_/status/859464566228606977
_jonasschnelli_;2017-05-02 09:32;1;3;"I can’t run the same stats because I don’t know BUs devs affiliation and lots of commits where cherry-picked from Core.";;;;"859445470955016192";https://twitter.com/_jonasschnelli_/status/859445470955016192
_jonasschnelli_;2017-05-02 09:22;0;12;"The „contributors“ make decisions (join today!). Maintainers can’t merge stuff that wasn’t „approved“ by contributors.Thats true opensource!";;;;"859442923628265478";https://twitter.com/_jonasschnelli_/status/859442923628265478
_jonasschnelli_;2017-05-02 09:19;0;3;"Distribution of commit percentage is a relatively good indicator about the project decentralisation (which includes control). Disagree?";;;;"859442196860338176";https://twitter.com/_jonasschnelli_/status/859442196860338176
_jonasschnelli_;2017-05-02 09:15;0;4;"Aii… Indeed. I meant the last 12 month. Thanks @johnsonlau01";;@johnsonlau01;;"859441238117896192";https://twitter.com/_jonasschnelli_/status/859441238117896192
_jonasschnelli_;2017-05-02 07:24;0;0;"It gives you good insight and a sign of how a project is setup. But it won’t give you a proof.";;;;"859413254845730816";https://twitter.com/_jonasschnelli_/status/859413254845730816
_jonasschnelli_;2017-05-02 07:07;0;0;"Generally agree. Check the reminder in the screenshot. Though I think commit count allows to analyse the project/dev centralisation.";;;;"859408996062703616";https://twitter.com/_jonasschnelli_/status/859408996062703616
_jonasschnelli_;2017-05-02 06:44;0;12;"`git log`, ` http:// Calculator.app `, `vim` and `cat`";;;;"859403287128403968";https://twitter.com/_jonasschnelli_/status/859403287128403968
_jonasschnelli_;2017-05-02 05:49;278;515;"Bitcoin-Core development is centralised and controlled by Blockstream? The last 6 months commits stats tells a completely different story. pic.twitter.com/WLrLu4ERXd";;;;"859389367105851392";https://twitter.com/_jonasschnelli_/status/859389367105851392
_jonasschnelli_;2017-05-01 01:53;0;3;"The @DigitalBitbox does also deterministic build. You have the apply the official signatures. You cant run your own FW for users protection.";;@DigitalBitbox;;"858967606056890368";https://twitter.com/_jonasschnelli_/status/858967606056890368
_jonasschnelli_;2017-05-01 01:50;0;2;"Though, I guess, your OS can keylog you always,... so you can't protect from a malicious OS (if one of you enc ends runs on top of it).";;;;"858966924037849088";https://twitter.com/_jonasschnelli_/status/858966924037849088
_jonasschnelli_;2017-05-01 01:49;0;4;"The @DigitalBitbox uses AES256-CBC between the consuming app and the device firmware. It's against all form of USB loggers...";;@DigitalBitbox;;"858966611268694016";https://twitter.com/_jonasschnelli_/status/858966611268694016
_jonasschnelli_;2017-04-29 11:13;35;104;"Finally: a pull request from @pwuille to completely remove the OpenSSL dependency from Bitcoin Core daemon (-CPRNG) https:// github.com/bitcoin/bitcoi n/pull/10299 …";;@pwuille;;"858383757732184064";https://twitter.com/_jonasschnelli_/status/858383757732184064
_jonasschnelli_;2017-04-29 06:44;20;50;"At the moment #bitcoin is pumping roughly 2.3 Mio USD of new created value on the market **EACH DAY**";;;#bitcoin;"858316116246003712";https://twitter.com/_jonasschnelli_/status/858316116246003712
_jonasschnelli_;2017-04-27 11:00;9;36;"Writing a sec. patch is easy. Wide scale deployment via complex firmware upgrades on hardware where downtime causing financial loss == https:// twitter.com/el33th4xor/sta tus/857617248130748418 …";;;;"857655670321164290";https://twitter.com/_jonasschnelli_/status/857655670321164290
_jonasschnelli_;2017-04-25 03:00;7;24;"Pay 5$ for a centralized censored payment provider? No security at all! Put #bitcoin fees in relation. pic.twitter.com/j3exYGmRXi";;;#bitcoin;"856810070822334468";https://twitter.com/_jonasschnelli_/status/856810070822334468
_jonasschnelli_;2017-04-23 09:00;0;3;"AFAIK addrman as well as the DNS seeders do not pass IPs of pruned nodes around (they don't signal NODE_NETWORK). Though they accept conns";;;;"856175933539176452";https://twitter.com/_jonasschnelli_/status/856175933539176452
_jonasschnelli_;2017-04-23 07:53;0;6;"They potentially can give the same values to the network then other peers (except SPV & historical blocks). Fixes are coming soon...";;;;"856159009631604737";https://twitter.com/_jonasschnelli_/status/856159009631604737
_jonasschnelli_;2017-04-23 07:50;0;5;"Pruned nodes can verify and relay blocks/txs. They - potentially - can serve the most recent blocks (144 or more). Its a signaling problem";;;;"856158422626185216";https://twitter.com/_jonasschnelli_/status/856158422626185216
_jonasschnelli_;2017-04-21 23:23;14;82;"Again a general statement without ref. Same level would be: „bored professor seeks attention by provocative nonsense“. https:// twitter.com/el33th4xor/sta tus/855538664889212928 …";;;;"855668405017489408";https://twitter.com/_jonasschnelli_/status/855668405017489408
_jonasschnelli_;2017-04-21 10:32;3;11;"Don’t forget @morcosa @suhasdaftuar and their chiancodelabs crew";;@morcosa @suhasdaftuar;;"855474331194994688";https://twitter.com/_jonasschnelli_/status/855474331194994688
_jonasschnelli_;2017-04-19 11:33;0;4;"Yes. I expect references for „the people said“ tweets from a prof. in a time of big uncertainty among users. Otherwise it would be careless.";;;;"854764951646371842";https://twitter.com/_jonasschnelli_/status/854764951646371842
_jonasschnelli_;2017-04-19 11:09;0;0;"I hope you are aware about the rhetorical difference between „I“, „We“ and „there are many“. Important difference and later needs references";;;;"854758873063882754";https://twitter.com/_jonasschnelli_/status/854758873063882754
_jonasschnelli_;2017-04-19 08:52;4;24;"Missing references from a prof. (again). But besides that: there are great alternatives: btcd, bcoin, libbitcoin. A very few users. Why? https:// twitter.com/el33th4xor/sta tus/854719387680612352 …";;;;"854724369708396544";https://twitter.com/_jonasschnelli_/status/854724369708396544
_jonasschnelli_;2017-04-12 12:04;0;3;"Yes. The DigitalBitbox team is ramping up marketing soon.";;;;"852235992258023426";https://twitter.com/_jonasschnelli_/status/852235992258023426
_jonasschnelli_;2017-04-11 07:09;9;28;"C bitcoin library http:// github.com/libbtc/libbtc has now a dependency free transaction broadcast tool (broadcast TX to specific or random IPs) pic.twitter.com/tpjIKU51ao";;;;"851799371167539201";https://twitter.com/_jonasschnelli_/status/851799371167539201
_jonasschnelli_;2017-04-08 01:57;24;71;"Some people think we have enough "trolls" and not enough science... but then tweet some FUD (that pretends to be funny). Well,I'm speechless https:// twitter.com/el33th4xor/sta tus/850600159289409536 …";;;;"850633786597494784";https://twitter.com/_jonasschnelli_/status/850633786597494784
_jonasschnelli_;2017-04-07 01:37;0;1;"Mining centralisation is getting higher and higher and we should do everything to reduce it or to not make it grow; like #blockasicboost .";;;#blockasicboost;"850266169063882753";https://twitter.com/_jonasschnelli_/status/850266169063882753
_jonasschnelli_;2017-04-07 01:35;0;1;"Here is @bitmain ’s confirmation that their chips have ASICBOOST. Patent based mining == centralization https:// blog.bitmain.com/en/ pic.twitter.com/1njoG77xAs";;@bitmain;;"850265772957900803";https://twitter.com/_jonasschnelli_/status/850265772957900803
_jonasschnelli_;2017-04-07 01:21;0;2;"@bitmain confirmed that their chips have ASICBOOST, the mining entry barrier gets more complicated b.c. patent. What research do you miss?";;@bitmain;;"850262140808122372";https://twitter.com/_jonasschnelli_/status/850262140808122372
_jonasschnelli_;2017-04-07 00:19;15;25;"Node count is useless. You can bootstrap 1000 IPv6 nodes for less then 1000$. It's hard to measure economical independent nodes . https:// twitter.com/metaballo/stat us/850245713208295424 …";;;;"850246717035249665";https://twitter.com/_jonasschnelli_/status/850246717035249665
_jonasschnelli_;2017-04-07 00:14;30;70;"SegWit is incompatible with AsicBoost. The later increases centralization and provides nothing for the Bitcoin ecosystem. #blockasicboost";;;#blockasicboost;"850245360169607169";https://twitter.com/_jonasschnelli_/status/850245360169607169
_jonasschnelli_;2017-03-31 00:50;4;6;"It’s hard to give estimates for such features. Depends on the amount of reviewers. Maybe for Bitcoin-Core 0.16? https:// twitter.com/bitsquare_/sta tus/847566349983391744 …";;;;"847717654689325056";https://twitter.com/_jonasschnelli_/status/847717654689325056
_jonasschnelli_;2017-03-26 23:22;1;5;"Are you aware of „committed bloom filters“ concept? This seems to be a promising solution for full block SPV. https:// lists.linuxfoundation.org/pipermail/bitc oin-dev/2016-May/012636.html …";;;;"846245934472269825";https://twitter.com/_jonasschnelli_/status/846245934472269825
_jonasschnelli_;2017-03-22 00:52;27;67;"What? BU has turned closed source to avoid getting hacked? „Security by obscurity“ is a strong sign of incompetence https:// np.reddit.com/r/btc/comments /60rmir/updated_binaries_for_bitcoin_unlimited_for_linux/df8s90n/ …";;;;"844456858928791552";https://twitter.com/_jonasschnelli_/status/844456858928791552
_jonasschnelli_;2017-03-21 14:35;0;0;"controversial = if there is no agreement among merchants, exchanges, users and developers.";;;;"844301398468706304";https://twitter.com/_jonasschnelli_/status/844301398468706304
_jonasschnelli_;2017-03-21 14:23;0;0;"XT/Classic/BU result in a controversial hard fork leading to the fact that .org owners state that this then would be an altcoin.";;;;"844298423717302273";https://twitter.com/_jonasschnelli_/status/844298423717302273
_jonasschnelli_;2017-03-21 09:36;3;17;"http:// bitcoin.org does at least inform on a neutral basis (.com does *not*) and doesn’t have poker scam games like .com https:// twitter.com/a3456gf/status /844223156852314112 …";;;;"844226296179769345";https://twitter.com/_jonasschnelli_/status/844226296179769345
_jonasschnelli_;2017-03-21 09:20;4;12;"Since then I know his intentions are not in the general interests of the Bitcoin economy. https:// twitter.com/_jonasschnelli _/status/844222046804623361 …";;;;"844222154120052737";https://twitter.com/_jonasschnelli_/status/844222154120052737
_jonasschnelli_;2017-03-21 09:19;22;38;"Remember when @rogerkver cloned http:// bitcoin.org (to .com) including the binaries? Favorized his own invests. https:// github.com/bitcoin-dot-or g/bitcoin.org/issues/928#issuecomment-117703724 …";;@rogerkver;#issuecomment;"844222046804623361";https://twitter.com/_jonasschnelli_/status/844222046804623361
_jonasschnelli_;2017-03-21 02:02;2;16;"Core nodes on low resource systems is possible. Enable pruning (-prune=550 in conf). Reduce memory by setting maxmempool=10 https:// twitter.com/prieff/status/ 843978666967228416 …";;;;"844112018441420801";https://twitter.com/_jonasschnelli_/status/844112018441420801
_jonasschnelli_;2017-03-15 06:24;27;50;"Bitcoin Core just passed the 10’000 pull requests mark. First was 2’278 days ago (dec/2010). https:// github.com/bitcoin/bitcoi n/pull/10000 …";;;;"842003619436236801";https://twitter.com/_jonasschnelli_/status/842003619436236801
_jonasschnelli_;2017-03-15 00:24;9;53;"The worst thing you can do when you have a wide scale 0day-exploit is **blaming the attackers**.";;;;"841913067533393920";https://twitter.com/_jonasschnelli_/status/841913067533393920
_jonasschnelli_;2017-03-14 13:57;21;44;"A funny retweet. „Core attacked“… every 14yr old script kid could exploit this BU bug in 5mins. https:// twitter.com/el33th4xor/sta tus/841752751432327168 …";;;;"841755292870287362";https://twitter.com/_jonasschnelli_/status/841755292870287362
_jonasschnelli_;2017-03-14 13:25;55;96;"Reviewing, testing and maintenance are the most important duties to be done by a blockchain developer team. A slide from a recent talk: pic.twitter.com/CSkIexgHsd";;;;"841747139541770240";https://twitter.com/_jonasschnelli_/status/841747139541770240
_jonasschnelli_;2017-03-14 12:38;54;68;"There is now a **silent** fix (no PR, direct push to release branch) of the Bitcoin Unlimited Remote Crash Exploit. pic.twitter.com/KoA5HZsZA4";;;;"841735223696072704";https://twitter.com/_jonasschnelli_/status/841735223696072704
_jonasschnelli_;2017-03-14 12:32;1;10;"Is an reachable assert(0) in prod. code a vulnerability? Either it’s a feature or a big red warning of missing reviews";;;;"841733914863497217";https://twitter.com/_jonasschnelli_/status/841733914863497217
_jonasschnelli_;2017-03-14 12:21;1;8;"Responsible disclosure is a good thing (wasn’t revealed by me). I guess there is no contact email/PGP on the BU web?";;;;"841731144802545664";https://twitter.com/_jonasschnelli_/status/841731144802545664
_jonasschnelli_;2017-03-14 11:11;44;80;""Bitcoin Unlimited Remote Exploit Crash". Watch out if you run BU! https://www. reddit.com/r/Bitcoin/comm ents/5zdkv3/bitcoin_unlimited_remote_exploit_crash/ …";;;;"841713374060785664";https://twitter.com/_jonasschnelli_/status/841713374060785664
_jonasschnelli_;2017-03-14 06:50;6;21;"«Satoshi whitepaper's "longest chain is Bitcoin" rule does not apply when comparing two chains with different consensus rules.» @SatoshiLite";;@SatoshiLite;;"841647845673439232";https://twitter.com/_jonasschnelli_/status/841647845673439232
_jonasschnelli_;2017-03-08 13:02;16;21;"Harvard Business Review: «The Blockchain Will Do to Banks and Law Firms What the Internet Did to Media» https:// hbr.org/2017/03/the-bl ockchain-will-do-to-banks-and-law-firms-what-the-internet-did-to-media …";;;;"839582161158168576";https://twitter.com/_jonasschnelli_/status/839582161158168576
_jonasschnelli_;2017-03-08 00:41;46;86;"Bitcoin Core 0.14.0 has been released https:// lists.linuxfoundation.org/pipermail/bitc oin-core-dev/2017-March/000035.html …";;;;"839395671480360960";https://twitter.com/_jonasschnelli_/status/839395671480360960
_jonasschnelli_;2017-03-03 09:12;1;1;"well,.. define "cheap". What's the stability of your value? How much will it cost to go in/out? What's the **risk**?";;;;"837712387788660738";https://twitter.com/_jonasschnelli_/status/837712387788660738
_jonasschnelli_;2017-03-03 08:51;3;12;"maybe do some homework/research? A starting point may be: https:// medium.com/@omiros23/evan s-and-dash-s-scam-story-add1f16528ae#.10430dz7u …";;@omiros23;#;"837706889932771329";https://twitter.com/_jonasschnelli_/status/837706889932771329
_jonasschnelli_;2017-03-03 00:49;16;52;"Wait? Did the http:// bitcoin.com owner @rogerkver really just indirectly recommended a Scamcoin? What's next? https:// twitter.com/rogerkver/stat us/837376532884701184 …";;@rogerkver;;"837585658126471170";https://twitter.com/_jonasschnelli_/status/837585658126471170
_jonasschnelli_;2017-02-27 05:21;0;2;"The biggest bottleneck Bitcoin-Core has today is the lack of code-reviewers and testers (we have more features then we can test)";;;;"836204601359679489";https://twitter.com/_jonasschnelli_/status/836204601359679489
_jonasschnelli_;2017-02-27 05:19;1;1;"I’m impressed by your thoughts/tweets about the DigitalBitbox and your ability to get the dev. U2F branch running.";;;;"836204173586726912";https://twitter.com/_jonasschnelli_/status/836204173586726912
_jonasschnelli_;2017-02-19 11:55;2;6;"make sure you enable -walletrbf (transactions sent without -walletrbf will not accept a fee bump).";;;;"833404637340368896";https://twitter.com/_jonasschnelli_/status/833404637340368896
_jonasschnelli_;2017-02-14 23:19;0;0;"A trusted node means, you have manually pre-shared (saved) a key in your node. Why would you ban that peer? And why not before?";;;;"831764826049433600";https://twitter.com/_jonasschnelli_/status/831764826049433600
_jonasschnelli_;2017-02-14 23:18;0;0;"Why would it make blacklisting easier? You still need to ban IPs with BIP151. Wheres the part that makes it „easier“?";;;;"831764601024999425";https://twitter.com/_jonasschnelli_/status/831764601024999425
_jonasschnelli_;2017-02-14 23:16;4;6;"Posted on bitcoin-dev: «BIP150/151 concerns and some comments» ( #bitcoin p2p encryption and authentication) https:// lists.linuxfoundation.org/pipermail/bitc oin-dev/2017-February/013580.html …";;;#bitcoin;"831764189739962368";https://twitter.com/_jonasschnelli_/status/831764189739962368
_jonasschnelli_;2017-02-11 08:23;0;1;"Remember when the inventor of Ethernet predicted the internet will collapse soon (in 1995!)? #bitcoin pic.twitter.com/uJsniDvZRi";;;#bitcoin;"830452211951996929";https://twitter.com/_jonasschnelli_/status/830452211951996929
_jonasschnelli_;2017-02-01 23:14;11;29;"Short answer why C++ is a good choice for Bitcoin-Core and other blockchain applications; by @JoelKatz : http:// bitcoin.stackexchange.com/a/48432/3697";;@JoelKatz;;"827052583521046529";https://twitter.com/_jonasschnelli_/status/827052583521046529
_jonasschnelli_;2017-02-01 06:31;0;1;"Yes. The DigitalBitbox allows you to set a „hidden“ password that can open a second wallet.";;;;"826800247863128064";https://twitter.com/_jonasschnelli_/status/826800247863128064
_jonasschnelli_;2017-02-01 01:04;1;2;"This is exactly what @DigitalBitbox is doing. Attackers have no possibility to identify the "hidden" wallet. It's fully functional. https:// twitter.com/bronxr/status/ 826579592404152323 …";;@DigitalBitbox;;"826717895090642944";https://twitter.com/_jonasschnelli_/status/826717895090642944
_jonasschnelli_;2017-01-29 23:28;0;0;"Yes. That could work. Please email or IRC pm.";;;;"825968830073696256";https://twitter.com/_jonasschnelli_/status/825968830073696256
_jonasschnelli_;2017-01-27 05:52;0;2;"Standing in a Coffee/WiFi and paying with bitcoin, I don't want to reveal my wallet content to the coffee owner.";;;;"824978471046754304";https://twitter.com/_jonasschnelli_/status/824978471046754304
_jonasschnelli_;2017-01-27 05:51;0;2;"eh? Bloom filter with the current common fpr expose you complete wallet. What are you smoking?";;;;"824978140359426048";https://twitter.com/_jonasschnelli_/status/824978140359426048
_jonasschnelli_;2017-01-27 04:36;0;0;"Where’s your anonymity when your are using bloom filters (expose wallet) or expose your mempool with custom policies?";;;;"824959304700743682";https://twitter.com/_jonasschnelli_/status/824959304700743682
_jonasschnelli_;2017-01-27 04:05;0;0;"you, or your employer may like the possibility of passive observing. I don't.";;;;"824951458663653376";https://twitter.com/_jonasschnelli_/status/824951458663653376
_jonasschnelli_;2017-01-27 04:04;0;1;"wrong. Peers could preshare a secret and could identify a MITM.";;;;"824951230820671488";https://twitter.com/_jonasschnelli_/status/824951230820671488
_jonasschnelli_;2017-01-27 02:12;0;0;"active MITM needs effort/maintenance and most valuable: MITM **must** be comfortable with the risk being detected.";;;;"824923127058673664";https://twitter.com/_jonasschnelli_/status/824923127058673664
_jonasschnelli_;2017-01-27 02:11;0;2;"i also think you underestimate the value of eliminating passive observing between peers.";;;;"824922767887912962";https://twitter.com/_jonasschnelli_/status/824922767887912962
_jonasschnelli_;2017-01-27 00:38;1;1;"BIP150+151 has nothing todo with „KYC“. It’s all about a secure channel between trusted peers.";;;;"824899278493474818";https://twitter.com/_jonasschnelli_/status/824899278493474818
_jonasschnelli_;2017-01-27 00:34;0;0;"I can’t follow @evoskuli’s comments. Encryption of untrusted data make much sense to me (and others).";;@evoskuli;;"824898434939248642";https://twitter.com/_jonasschnelli_/status/824898434939248642
_jonasschnelli_;2017-01-25 11:19;2;2;"@whispersystems signal is great. But be aware of: - no protection against OS backdoors - someone could force ws to upload a compromised app";;@whispersystems;;"824335917800443904";https://twitter.com/_jonasschnelli_/status/824335917800443904
_jonasschnelli_;2017-01-09 01:56;128;185;"#Bitcoin Core 2016 517 Github contributors 47 Git contributors 1’637 commits ~4.5/day 1’563 PRs created 15’208 Github comments ~41/day";;;#Bitcoin;"818396084569538560";https://twitter.com/_jonasschnelli_/status/818396084569538560
_jonasschnelli_;2017-01-06 00:26;22;106;"And a big thank you goes out to @brian_armstrong for the courage to say/tweet that and help bitcoin scale in a safe way. Well done! https:// twitter.com/brian_armstron g/status/817258720253988865 …";;@brian_armstrong;;"817286245747458048";https://twitter.com/_jonasschnelli_/status/817286245747458048
_jonasschnelli_;2017-01-06 00:13;2;21;"Well,… that’s surprising,… on the one hand. On the other, it’s probably the only logical conclusion involved people can make. https:// twitter.com/brian_armstron g/status/817258720253988865 …";;;;"817282873900331009";https://twitter.com/_jonasschnelli_/status/817282873900331009